{
  "epoch": 6,
  "threshold": 0.5,
  "val_f1": 0.7719298245614035,
  "val_precision": 0.7475728155339806,
  "val_recall": 0.7979274611398963,
  "val_accuracy": 0.9555880917520742,
  "val_tp": 154,
  "val_fp": 52,
  "val_tn": 1804,
  "val_fn": 39,
  "test_f1": 0.7777777777777778,
  "test_precision": 0.7586206896551724,
  "test_recall": 0.7979274611398963,
  "test_accuracy": 0.9570522205954124,
  "test_tp": 154,
  "test_fp": 49,
  "test_tn": 1807,
  "test_fn": 39
}